{"cameraMode":{"drawMode":0,"name":"Shaded","section":"Shading Mode"},"sceneLighting":false,"audioPlay":false,"sceneViewState":{"m_AlwaysRefresh":false,"showFog":true,"showSkybox":false,"showFlares":true,"showImageEffects":true,"showParticleSystems":true,"showVisualEffectGraphs":true,"m_FxEnabled":true},"in2DMode":false,"pivot":{"x":-0.897881031036377,"y":-1.0008354187011719,"z":-4.197600841522217},"rotation":{"x":-0.005795115139335394,"y":0.993375837802887,"z":-0.058189231902360919,"w":-0.09896726906299591},"size":2.8942575454711916,"orthographic":false}