{"cameraMode":{"drawMode":0,"name":"Shaded","section":"Shading Mode"},"sceneLighting":true,"audioPlay":false,"sceneViewState":{"m_AlwaysRefresh":false,"showFog":true,"showSkybox":true,"showFlares":true,"showImageEffects":true,"showParticleSystems":true,"showVisualEffectGraphs":true,"m_FxEnabled":true},"in2DMode":false,"pivot":{"x":2.44533634185791,"y":1.6676702499389649,"z":3.709522247314453},"rotation":{"x":-0.17490270733833314,"y":0.005018835421651602,"z":-0.0008899530512280762,"w":-0.9845681190490723},"size":10.365612983703614,"orthographic":false}