{"cameraMode":{"drawMode":0,"name":"Shaded","section":"Shading Mode"},"sceneLighting":true,"audioPlay":false,"sceneViewState":{"m_AlwaysRefresh":false,"showFog":true,"showSkybox":true,"showFlares":true,"showImageEffects":true,"showParticleSystems":true,"showVisualEffectGraphs":true,"m_FxEnabled":true},"in2DMode":false,"pivot":{"x":1.5452513694763184,"y":3.6251163482666017,"z":-12.832462310791016},"rotation":{"x":0.008734626695513726,"y":0.9713762402534485,"z":-0.23463620245456696,"w":0.036152105778455737},"size":18.192087173461915,"orthographic":false}