{"cameraMode":{"drawMode":0,"name":"Shaded","section":"Shading Mode"},"sceneLighting":false,"audioPlay":false,"sceneViewState":{"m_AlwaysRefresh":false,"showFog":true,"showSkybox":false,"showFlares":true,"showImageEffects":true,"showParticleSystems":true,"showVisualEffectGraphs":true,"m_FxEnabled":true},"in2DMode":false,"pivot":{"x":-0.3295195400714874,"y":1.6929913759231568,"z":-9.328987121582032},"rotation":{"x":-0.13271577656269074,"y":0.10119093209505081,"z":-0.013627064414322377,"w":-0.9858934879302979},"size":2.721320152282715,"orthographic":false}