{"cameraMode":{"drawMode":0,"name":"Shaded","section":"Shading Mode"},"sceneLighting":false,"audioPlay":false,"sceneViewState":{"m_AlwaysRefresh":false,"showFog":true,"showSkybox":false,"showFlares":true,"showImageEffects":true,"showParticleSystems":true,"showVisualEffectGraphs":true,"m_FxEnabled":true},"in2DMode":false,"pivot":{"x":0.6324150562286377,"y":2.3442423343658449,"z":-11.286867141723633},"rotation":{"x":0.2900831401348114,"y":0.0017351711867377163,"z":-0.0005196963320486248,"w":0.9570121169090271},"size":2.1213202476501467,"orthographic":false}